part,order,slug,title,status,folder,advanced_standard
I Foundations of Calculus,1,what-is-calculus-for-systems-modeling,What Is Calculus for Systems Modeling?,active,articles/what-is-calculus-for-systems-modeling,upgraded
I Foundations of Calculus,2,functions-variables-and-mathematical-representation,Functions Variables and Mathematical Representation,active,articles/functions-variables-and-mathematical-representation,upgraded
I Foundations of Calculus,3,domains-ranges-and-the-structure-of-functional-models,Domains Ranges and the Structure of Functional Models,active,articles/domains-ranges-and-the-structure-of-functional-models,upgraded
I Foundations of Calculus,4,infinity-infinitesimals-and-the-historical-problem-of-change,Infinity Infinitesimals and the Historical Problem of Change,active,articles/infinity-infinitesimals-and-the-historical-problem-of-change,upgraded
I Foundations of Calculus,5,limits-and-the-formal-basis-of-calculus,Limits and the Formal Basis of Calculus,active,articles/limits-and-the-formal-basis-of-calculus,upgraded
I Foundations of Calculus,6,continuity-discontinuity-and-structural-breaks,Continuity Discontinuity and Structural Breaks,active,articles/continuity-discontinuity-and-structural-breaks,upgraded
I Foundations of Calculus,7,differentiability-and-local-behavior,Differentiability and Local Behavior,active,articles/differentiability-and-local-behavior,upgraded
I Foundations of Calculus,8,derivatives-and-rates-of-change,Derivatives and Rates of Change,active,articles/derivatives-and-rates-of-change,upgraded
I Foundations of Calculus,9,rules-of-differentiation-and-model-structure,Rules of Differentiation and Model Structure,active,articles/rules-of-differentiation-and-model-structure,upgraded
I Foundations of Calculus,10,quotient-rule-and-relative-change,The Quotient Rule and Relative Change,active,articles/quotient-rule-and-relative-change,upgraded
I Foundations of Calculus,11,chain-rule-and-composite-change-in-interacting-systems,The Chain Rule and Composite Change in Interacting Systems,active,articles/chain-rule-and-composite-change-in-interacting-systems,upgraded
I Foundations of Calculus,12,implicit-differentiation-and-coupled-relationships,Implicit Differentiation and Coupled Relationships,active,articles/implicit-differentiation-and-coupled-relationships,upgraded
I Foundations of Calculus,13,inverse-functions-and-system-interpretation,Inverse Functions and System Interpretation,active,articles/inverse-functions-and-system-interpretation,upgraded
I Foundations of Calculus,14,related-rates-and-interdependent-motion,Related Rates and Interdependent Motion,active,articles/related-rates-and-interdependent-motion,upgraded
I Foundations of Calculus,15,partial-derivatives-and-multivariable-change,Partial Derivatives and Multivariable Change,planned,articles/partial-derivatives-and-multivariable-change,required
