index,time,rate,left_cumulative,trapezoid_cumulative,true_cumulative,error
0,0,2,0,0,0,0
1,0.1,2.10983,0.2,0.205492,0.205496,4.16389e-06
2,0.2,2.21867,0.410983,0.421917,0.421933,1.6614e-05
3,0.3,2.32552,0.63285,0.649126,0.649164,3.72258e-05
4,0.4,2.42942,0.865402,0.886873,0.886939,6.57935e-05
5,0.5,2.52943,1.10834,1.13482,1.13492,0.000102032
6,0.6,2.62464,1.36129,1.39252,1.39266,0.000145578
7,0.7,2.71422,1.62375,1.65946,1.65966,0.000195998
8,0.8,2.79736,1.89517,1.93504,1.93529,0.000252787
9,0.9,2.87333,2.17491,2.21857,2.21889,0.000315378
10,1,2.94147,2.46224,2.50931,2.5097,0.000383145
11,1.1,3.00121,2.75639,2.80645,2.8069,0.000455412
12,1.2,3.05204,3.05651,3.10911,3.10964,0.000531457
13,1.3,3.09356,3.36171,3.41639,3.417,0.000610519
14,1.4,3.12545,3.67107,3.72734,3.72803,0.000691809
15,1.5,3.14749,3.98361,4.04099,4.04176,0.000774515
16,1.6,3.15957,4.29836,4.35634,4.3572,0.000857809
17,1.7,3.16166,4.61432,4.6724,4.67334,0.000940861
18,1.8,3.15385,4.93049,4.98818,4.9892,0.00102284
19,1.9,3.1363,5.24587,5.30269,5.30379,0.00110293
20,2,3.1093,5.5595,5.61497,5.61615,0.00118032
21,2.1,3.07321,5.87043,5.92409,5.92535,0.00125425
22,2.2,3.0285,6.17775,6.22918,6.2305,0.00132397
23,2.3,2.97571,6.4806,6.52939,6.53078,0.00138879
24,2.4,2.91546,6.77817,6.82395,6.82539,0.00144807
25,2.5,2.84847,7.06972,7.11214,7.11364,0.0015012
26,2.6,2.7755,7.35457,7.39334,7.39489,0.00154767
27,2.7,2.69738,7.63212,7.66699,7.66857,0.00158699
28,2.8,2.61499,7.90185,7.9326,7.93422,0.00161879
29,2.9,2.52925,8.16335,8.18982,8.19146,0.00164274
30,3,2.44112,8.41628,8.43833,8.43999,0.0016586
31,3.1,2.35158,8.66039,8.67797,8.67964,0.00166622
32,3.2,2.26163,8.89555,8.90863,8.91029,0.00166552
33,3.3,2.17225,9.12171,9.13032,9.13198,0.00165651
34,3.4,2.08446,9.33894,9.34316,9.3448,0.00163927
35,3.5,1.99922,9.54738,9.54734,9.54896,0.00161398
36,3.6,1.91748,9.7473,9.74318,9.74476,0.0015809
37,3.7,1.84016,9.93905,9.93106,9.9326,0.00154034
38,3.8,1.76814,10.1231,10.1115,10.113,0.00149272
39,3.9,1.70223,10.2999,10.285,10.2864,0.00143852
40,4,1.6432,10.4701,10.4523,10.4536,0.00137827
41,4.1,1.59172,10.6344,10.614,10.6153,0.00131257
42,4.2,1.54842,10.7936,10.771,10.7723,0.00124209
43,4.3,1.51383,10.9484,10.9241,10.9253,0.00116753
44,4.4,1.4884,11.0998,11.0742,11.0753,0.00108963
45,4.5,1.47247,11.2487,11.2223,11.2233,0.00100916
46,4.6,1.46631,11.3959,11.3692,11.3702,0.000926948
47,4.7,1.47008,11.5425,11.516,11.5169,0.000843798
48,4.8,1.48384,11.6895,11.6637,11.6645,0.000760544
49,4.9,1.50755,11.8379,11.8133,11.814,0.000678019
50,5,1.54108,11.9887,11.9657,11.9663,0.000597048
51,5.1,1.58419,12.1428,12.122,12.1225,0.000518438
52,5.2,1.63655,12.3012,12.283,12.2835,0.000442977
53,5.3,1.69773,12.4649,12.4498,12.4501,0.000371417
54,5.4,1.76724,12.6346,12.623,12.6233,0.000304473
55,5.5,1.84446,12.8114,12.8036,12.8038,0.000242816
56,5.6,1.92873,12.9958,12.9922,12.9924,0.00018706
57,5.7,2.01931,13.1887,13.1896,13.1898,0.000137762
58,5.8,2.1154,13.3906,13.3964,13.3965,9.54163e-05
59,5.9,2.21612,13.6022,13.613,13.613,6.04447e-05
60,6,2.32058,13.8238,13.8398,13.8398,3.3197e-05
61,6.1,2.42784,14.0558,14.0772,14.0772,1.39453e-05
62,6.2,2.53691,14.2986,14.3255,14.3255,2.88207e-06
63,6.3,2.64681,14.5523,14.5846,14.5846,1.17823e-07
64,6.4,2.75655,14.817,14.8548,14.8548,5.68018e-06
65,6.5,2.86512,15.0926,15.1359,15.1359,1.95136e-05
66,6.6,2.97154,15.3791,15.4277,15.4278,4.14798e-05
67,6.7,3.07485,15.6763,15.73,15.7301,7.13593e-05
68,6.8,3.17411,15.9838,16.0425,16.0426,0.000108854
69,6.9,3.26844,16.3012,16.3646,16.3648,0.000153588
70,7,3.35699,16.628,16.6959,16.6961,0.000205116
71,7.1,3.43897,16.9637,17.0357,17.036,0.000262922
72,7.2,3.51367,17.3076,17.3833,17.3836,0.000326428
73,7.3,3.58044,17.659,17.738,17.7384,0.000395001
74,7.4,3.63871,18.017,18.099,18.0995,0.000467955
75,7.5,3.688,18.3809,18.4653,18.4659,0.000544561
76,7.6,3.72792,18.7497,18.8361,18.8367,0.000624054
77,7.7,3.75817,19.1225,19.2104,19.2111,0.000705639
78,7.8,3.77854,19.4983,19.5873,19.588,0.000788502
79,7.9,3.78894,19.8762,19.9656,19.9665,0.000871814
80,8,3.78936,20.2551,20.3445,20.3455,0.000954742
81,8.1,3.77989,20.634,20.723,20.724,0.00103646
82,8.2,3.76073,21.012,21.1,21.1012,0.00111615
83,8.3,3.73217,21.3881,21.4747,21.4759,0.00119301
84,8.4,3.6946,21.7613,21.846,21.8473,0.00126628
85,8.5,3.64849,22.1308,22.2132,22.2145,0.00133523
86,8.6,3.5944,22.4956,22.5753,22.5767,0.00139917
87,8.7,3.53297,22.855,22.9317,22.9331,0.00145745
88,8.8,3.46492,23.2083,23.2816,23.2831,0.0015095
89,8.9,3.39102,23.5548,23.6244,23.6259,0.00155479
90,9,3.31212,23.8939,23.9595,23.9611,0.00159287
91,9.1,3.2291,24.2251,24.2866,24.2882,0.00162337
92,9.2,3.14289,24.5481,24.6052,24.6068,0.00164598
93,9.3,3.05445,24.8623,24.9151,24.9167,0.00166046
94,9.4,2.96478,25.1678,25.216,25.2177,0.00166669
95,9.5,2.87485,25.4643,25.508,25.5097,0.00166459
96,9.6,2.78567,25.7518,25.791,25.7927,0.00165418
97,9.7,2.69824,26.0303,26.0652,26.0669,0.00163558
98,9.8,2.61352,26.3001,26.3308,26.3324,0.00160896
99,9.9,2.53246,26.5615,26.5881,26.5897,0.00157459
100,10,2.45598,26.8147,26.8375,26.8391,0.00153282
